MAE,MASE,RMSE,model,window
387.8947932714811,0.5567214636105159,490.78565949105933,lasso,1
319.37225606760927,0.4558633376952616,427.5545926388938,lasso,2
