MAE,MASE,RMSE,model,window
386.0383355175999,0.5540570043401165,547.1548546116888,lasso,1
392.7406884621517,0.5605874577070041,521.7398281698172,lasso,2
