MAE,MASE,RMSE,model,window
382.4362070030224,0.5351619968762712,510.3863887108691,lasso,1
337.09142244161404,0.47010808198709403,455.88245261317246,lasso,2
