MAE,MASE,RMSE,model,window
411.48119356255575,0.6889174269684392,512.693182395692,lasso,1
305.0347059325116,0.514027720357702,409.0252345525826,lasso,2
