MAE,MASE,RMSE,model,window
381.51498768630506,0.5338728888889316,539.7469980097095,lasso,1
396.7055785250967,0.5532460520152083,521.7961504512132,lasso,2
