MAE,MASE,RMSE,model,window
386.0345761461631,0.5540516087462471,547.2621507211596,lasso,1
392.74773132430397,0.5605975104983366,521.6564898162449,lasso,2
