MAE,MASE,RMSE,model,window
369.6643476789555,0.6189060769462271,511.22508637297074,lasso,1
338.52382372996436,0.5704617409573901,465.8566699543151,lasso,2
