MAE,MASE,RMSE,model,window
339.4985140831482,0.47507714857089517,436.494970129967,lasso,1
372.6625811968989,0.5197156605347261,488.1745322367617,lasso,2
