MAE,MASE,RMSE,model,window
360.072034844126,0.6028462628399418,506.5672491588558,lasso,1
340.2151188491552,0.5733118185310617,470.3306711801204,lasso,2
