MAE,MASE,RMSE,model,window
382.3751557885418,0.5487994684937865,513.9898451828586,lasso,1
335.02148018531983,0.4782006177911586,457.5646808162788,lasso,2
