MAE,MASE,RMSE,model,window
354.78297132831705,0.49646544944490184,482.4645026578819,lasso,1
421.3566988519542,0.5876245325228197,550.8832124619595,lasso,2
