MAE,MASE,RMSE,model,window
411.4807128238303,0.6889166220974244,512.6927858235844,lasso,1
305.03468811698093,0.5140276903359489,409.02524947814265,lasso,2
