MAE,MASE,RMSE,model,window
741.3214285714286,1.2411484634481966,1035.6875390635096,naive,1
461.67857142857144,0.7779953526400851,616.4849378301376,naive,2
