MAE,MASE,RMSE,model,window
446.815516826598,0.6252511656626057,653.8965531486612,sarimax,1
1254.8389053925132,1.7499997678494306,1484.3602438121688,sarimax,2
