MAE,MASE,RMSE,model,window
425.19386938991255,0.7118757091344958,648.4255322841303,sarimax,1
1246.228754988284,2.100076199567191,1464.9238398144496,sarimax,2
