MAE,MASE,RMSE,model,window
422.99682892175633,0.7081973406210692,646.9244321660601,sarimax,1
1207.8074298669865,2.035330694281664,1420.0854716805466,sarimax,2
