MAE,MASE,RMSE,model,window
591.2981721357589,0.8274329280411492,732.8609482209014,sarimax,1
1068.79455986254,1.4905421115016526,1322.9976904357948,sarimax,2
