MAE,MASE,RMSE,model,window
455.30781205969123,0.6371348565678685,673.5427110358064,sarimax,1
1276.4045053423063,1.7800751781220079,1497.8677442418416,sarimax,2
