MAE,MASE,RMSE,model,window
1091.4805022944531,1.566534620418131,1258.509651425368,sarimax,1
1471.937128593991,2.1010033262763717,1725.2552491787592,sarimax,2
