MAE,MASE,RMSE,model,window
1098.904271345754,1.5771894980897012,1279.2347144204266,sarimax,1
1516.9712980086758,2.165283884119712,1774.126685905754,sarimax,2
