MAE,MASE,RMSE,model,window
445.0279768625438,0.7450827244246936,645.2240920876731,sarimax,1
321.312574222834,0.541458289295679,406.47403524125116,sarimax,2
