MAE,MASE,RMSE,model,window
1028.0552027854894,1.4755042013842448,1189.7545778438139,sarimax,1
1516.2100557333845,2.164197307443698,1771.71512664388,sarimax,2
