MAE,MASE,RMSE,model,window
1129.513508775244,1.621121047977304,1308.4758926979134,sarimax,1
1449.648460048698,2.0691890824189163,1708.0287929915962,sarimax,2
