MAE,MASE,RMSE,model,window
503.0767495908644,0.7039803056381194,638.0588276174834,sarimax,1
1096.611222064624,1.5293352603168515,1344.4627057614382,sarimax,2
