MAE,MASE,RMSE,model,window
492.6789526997418,0.8248617961778406,690.5817321367327,sarimax,1
320.49539454147674,0.5400812230125275,407.67838651970607,sarimax,2
