MAE,MASE,RMSE,model,window
381.50524466378346,0.5475509387300792,471.8548944508147,xgboost,1
382.13580104282926,0.5454503276557594,518.5977660967824,xgboost,2
