MAE,MASE,RMSE,model,window
326.5620792933873,0.45697455224822686,388.2777488694982,xgboost,1
384.6084987095424,0.5363754507149926,529.8188478171716,xgboost,2
