MAE,MASE,RMSE,model,window
341.22321646554127,0.4897366290648552,429.197219149285,xgboost,1
386.69835989815846,0.5519628010115576,512.5229759170435,xgboost,2
