MAE,MASE,RMSE,model,window
350.9440460205078,0.49109345041351876,427.5448736389236,xgboost,1
364.55003138950894,0.5084018893258564,503.79953549694307,xgboost,2
