MAE,MASE,RMSE,model,window
341.26476614815846,0.4775487528928422,413.8672032100282,xgboost,1
396.2790723528181,0.5526512460211748,541.6438683960763,xgboost,2
