MAE,MASE,RMSE,model,window
457.39229692731584,0.7657835382127776,551.7297428187169,xgboost,1
458.6891871861049,0.7729578066246875,618.2072050105753,xgboost,2
