MAE,MASE,RMSE,model,window
365.7274867466518,0.5117806539649405,433.4871056956097,xgboost,1
355.5794895717076,0.49589156148124314,475.9400440734287,xgboost,2
