MAE,MASE,RMSE,model,window
450.3492235456194,0.7539917575239462,550.090575936031,xgboost,1
374.4788513183594,0.6310511771992781,454.19041538759393,xgboost,2
